{"cameraMode":{"drawMode":0,"name":"Shaded","section":"Shading Mode"},"sceneLighting":false,"audioPlay":false,"sceneViewState":{"m_AlwaysRefresh":true,"showFog":true,"showSkybox":false,"showFlares":true,"showImageEffects":true,"showParticleSystems":true,"showVisualEffectGraphs":true,"m_FxEnabled":true},"in2DMode":false,"pivot":{"x":-0.28278493881225588,"y":3.5558629035949709,"z":1.3658567667007447},"rotation":{"x":0.13403868675231934,"y":-0.6153854131698608,"z":0.10722018033266068,"w":0.769321084022522},"size":5.988046169281006,"orthographic":false}