{"cameraMode":{"drawMode":0,"name":"Shaded","section":"Shading Mode"},"sceneLighting":false,"audioPlay":false,"sceneViewState":{"m_AlwaysRefresh":true,"showFog":true,"showSkybox":false,"showFlares":true,"showImageEffects":true,"showParticleSystems":true,"showVisualEffectGraphs":true,"m_FxEnabled":true},"in2DMode":false,"pivot":{"x":318.508544921875,"y":332.4767150878906,"z":1.242279052734375},"rotation":{"x":0.026393147185444833,"y":0.011995451524853707,"z":-0.0003168483672197908,"w":0.9995810389518738},"size":242.5760498046875,"orthographic":false}