{"cameraMode":{"drawMode":0,"name":"Shaded","section":"Shading Mode"},"sceneLighting":false,"audioPlay":false,"sceneViewState":{"m_AlwaysRefresh":true,"showFog":true,"showSkybox":false,"showFlares":true,"showImageEffects":true,"showParticleSystems":true,"showVisualEffectGraphs":true,"m_FxEnabled":true},"in2DMode":false,"pivot":{"x":-0.010059282183647156,"y":0.10113917291164398,"z":0.2584480345249176},"rotation":{"x":-0.0003820052952505648,"y":0.999467134475708,"z":0.030595270916819574,"w":0.012290991842746735},"size":0.7164770364761353,"orthographic":false}